session,nome_escola,temperatura_c,temp_score,umidade_pct,ur_score,vento_kmh,vento_score,ultima_chuva_epoch,ultima_chuva_data,dias_sem_chuva,dias_score,fonte,atualizado_em,leitura_sensor_epoch,leitura_sensor_data
EMRPEDRAS,E. M. Rio das Pedras,29.36,33,74.74,0,,,1789127400,2026-09-11 11:50:00+00:00,0,0,api,2026-09-11 18:07:35.720000+00:00,1789135200,2026-09-11 14:00:00+00:00
EMCASTALIA,E. E. M. Castália,30.55,67,67.75,25,2.44,0,1789090200,2026-09-11 01:30:00+00:00,0,0,api,2026-09-11 18:07:38.156000+00:00,1789138800,2026-09-11 15:00:00+00:00
ALMERINDACM,E. M. Almerinda Ferreira de Almeida,31.3,67,50.88,50,2.44,0,1787840400,2026-08-27 14:20:00+00:00,15,75,api,2026-09-11 18:07:39.406000+00:00,1787923800,2026-08-28 13:30:00+00:00
EMFUNCHALCM2,E. M. Funchal,28.17,33,76.95,0,0,0,1789116000,2026-09-11 08:40:00+00:00,0,0,api,2026-09-11 18:07:41.469000+00:00,1789138800,2026-09-11 15:00:00+00:00
EMLUCY,E. M. Lucy Campelo da Fonseca,29.38,33,75.95,0,0,0,1789110000,2026-09-11 07:00:00+00:00,0,0,api,2026-09-11 18:07:43.860000+00:00,1789138800,2026-09-11 15:00:00+00:00
BRANDAOCM1,E. E. M. Prof. Carlos Brandão,30.61,67,72.35,0,0,0,1789113000,2026-09-11 07:50:00+00:00,0,0,api,2026-09-11 18:07:45.781000+00:00,1789138800,2026-09-11 15:00:00+00:00
CARMEMCM,E. M. Prof. Carmem de Carvalho Pinto,29.68,33,70.35,0,0,0,,,30,100,api,2026-09-11 18:07:47.010000+00:00,1789138800,2026-09-11 15:00:00+00:00
TIRADENTESCM,E. E. M. Tiradentes,28.48,33,80.41,0,0,0,1789080000,2026-09-10 22:40:00+00:00,0,0,api,2026-09-11 18:07:49.190000+00:00,1789138800,2026-09-11 15:00:00+00:00
SUSTENTABILIDADE1,SME,29.84,33,65.94,25,2.44,0,1789089600,2026-09-11 01:20:00+00:00,0,0,api,2026-09-11 18:07:51.463000+00:00,1789137000,2026-09-11 14:30:00+00:00
ELIASCM,E. M. Engenheiro Elias Faraht,,,,,,,,,30,100,api,2026-09-11 21:00:31.546000+00:00,,
EM7SETEMBRO1,E. E. M. Sete de Setembro,,,,,,,,,30,100,api,2026-09-11 21:00:42.300000+00:00,,
